1,chef
2,Arte
1,Ingeniería Civil
2,Ingeniería Industrial
3,Ingeniería Química
1,Ingeniería en Sistemas
5,Ingeniería Electrónica
6,Arquitectura
7,Diseño Gráfico
1,Ingeniería Civil
2,Ingeniería Industrial
3,Ingeniería Química
1,Ingeniería en Sistemas
5,Ingeniería Electrónica
6,Arquitectura
7,Diseño Gráfico
1,Ingeniería Civil
2,Ingeniería Industrial
3,Ingeniería Química
1,Ingeniería en Sistemas
5,Ingeniería Electrónica
6,Arquitectura
7,Diseño Gráfico
1,Ingeniería Civil
2,Ingeniería Industrial
3,Ingeniería Química
1,Ingeniería en Sistemas
5,Ingeniería Electrónica
6,Arquitectura
7,Diseño Gráfico
1,Ingeniería Civil
2,Ingeniería Industrial
3,Ingeniería Química
1,Ingeniería en Sistemas
5,Ingeniería Electrónica
6,Arquitectura
7,Diseño Gráfico
1,Ingeniería Civil
2,Ingeniería Industrial
3,Ingeniería Química
1,Ingeniería en Sistemas
5,Ingeniería Electrónica
6,Arquitectura
7,Diseño Gráfico
1,Ingeniería Civil
2,Ingeniería Industrial
3,Ingeniería Química
1,Ingeniería en Sistemas
5,Ingeniería Electrónica
6,Arquitectura
7,Diseño Gráfico
